"Status","Start Time","Stop Time","Duration in ms","Parent Suite","Suite","Sub Suite","Test Class","Test Method","Name","Description"
"passed","Mon Jul 05 16:44:45 CST 2021","Mon Jul 05 16:44:45 CST 2021","0","","test_demo","TestDemo2","","","test_demo[env1]",""
"passed","Mon Jul 05 16:44:45 CST 2021","Mon Jul 05 16:44:45 CST 2021","0","","test_demo","TestDemo","","","test_add[1-2]",""
"passed","Mon Jul 05 16:44:45 CST 2021","Mon Jul 05 16:44:45 CST 2021","0","","test_demo","TestDemo2","","","test_demo[env0]",""
"passed","Mon Jul 05 16:44:45 CST 2021","Mon Jul 05 16:44:45 CST 2021","1","","test_demo","TestDemo","","","test_c",""
"passed","Mon Jul 05 16:44:45 CST 2021","Mon Jul 05 16:44:45 CST 2021","0","","test_demo","TestDemo","","","test_add2[first]",""
"passed","Mon Jul 05 16:44:45 CST 2021","Mon Jul 05 16:44:45 CST 2021","1","","test_demo","TestDemo","","","test_a",""
"passed","Mon Jul 05 16:44:45 CST 2021","Mon Jul 05 16:44:45 CST 2021","0","","test_demo","TestDemo","","","test_b",""
"passed","Mon Jul 05 16:44:45 CST 2021","Mon Jul 05 16:44:45 CST 2021","0","","test_demo","TestDemo","","","test_add2[third]",""
"passed","Mon Jul 05 16:44:45 CST 2021","Mon Jul 05 16:44:45 CST 2021","0","","test_demo","TestDemo","","","test_add[3-4]",""
"passed","Mon Jul 05 16:44:45 CST 2021","Mon Jul 05 16:44:45 CST 2021","0","","test_demo","TestDemo","","","test_add2[second]",""
